part,experiment,tau,seed,pair,auc_method,auc_ref,auc_method_paper,auc_ref_paper,delta,p_delong,n_case,n_control,bootstrap_delta,bootstrap_p,bootstrap_paperstat_p
A_val,A_tcga_vs_seer,12,42,DANN_vs_ERM,0.6635,0.6647,0.6352,0.6358,-0.0012,0.5409,720,747,-0.0014,0.54,0.6333
A_val,A_tcga_vs_seer,12,43,DANN_vs_ERM,0.6775,0.6762,0.6447,0.6433,0.0014,0.2104,720,747,-0.0014,0.54,0.6333
A_val,A_tcga_vs_seer,12,44,DANN_vs_ERM,0.6711,0.6708,0.6398,0.6395,0.0003,0.6863,720,747,-0.0014,0.54,0.6333
A_val,A_tcga_vs_seer,24,42,DANN_vs_ERM,0.6695,0.6713,0.625,0.6264,-0.0018,0.3433,908,508,-0.0019,0.3267,0.1933
A_val,A_tcga_vs_seer,24,43,DANN_vs_ERM,0.6796,0.6775,0.6334,0.6317,0.0022,0.049,908,508,-0.0019,0.3267,0.1933
A_val,A_tcga_vs_seer,24,44,DANN_vs_ERM,0.671,0.6711,0.627,0.6269,-0.0001,0.8993,908,508,-0.0019,0.3267,0.1933
A_val,A_tcga_vs_seer,36,42,DANN_vs_ERM,0.6699,0.6741,0.6183,0.6206,-0.0042,0.0289,995,390,-0.0044,0.0133,0.0133
A_val,A_tcga_vs_seer,36,43,DANN_vs_ERM,0.6776,0.6758,0.6262,0.6246,0.0019,0.114,995,390,-0.0044,0.0133,0.0133
A_val,A_tcga_vs_seer,36,44,DANN_vs_ERM,0.6688,0.6684,0.6188,0.6186,0.0004,0.6823,995,390,-0.0044,0.0133,0.0133
A_val,A_tcga_vs_seer,48,42,DANN_vs_ERM,0.6693,0.6747,0.6102,0.6131,-0.0053,0.0108,1050,307,-0.0055,0.0067,0.0
A_val,A_tcga_vs_seer,48,43,DANN_vs_ERM,0.6729,0.6695,0.6178,0.616,0.0034,0.0035,1050,307,-0.0055,0.0067,0.0
A_val,A_tcga_vs_seer,48,44,DANN_vs_ERM,0.6661,0.6661,0.6104,0.6104,-0.0001,0.9452,1050,307,-0.0055,0.0067,0.0
A_val,A_tcga_vs_seer,60,42,DANN_vs_ERM,0.6674,0.6746,0.6058,0.6089,-0.0072,0.0028,1087,251,-0.0073,0.0,0.0
A_val,A_tcga_vs_seer,60,43,DANN_vs_ERM,0.6652,0.6611,0.6135,0.6115,0.0041,0.0013,1087,251,-0.0073,0.0,0.0
A_val,A_tcga_vs_seer,60,44,DANN_vs_ERM,0.6582,0.6585,0.6052,0.6052,-0.0003,0.7659,1087,251,-0.0073,0.0,0.0
A_val,B_tcga_vs_external,12,42,DANN_vs_ERM,0.6349,0.6331,0.6226,0.6192,0.0018,0.8805,61,208,0.0018,0.96,0.9133
A_val,B_tcga_vs_external,12,43,DANN_vs_ERM,0.6261,0.6389,0.6136,0.626,-0.0128,0.2498,61,208,0.0018,0.96,0.9133
A_val,B_tcga_vs_external,12,44,DANN_vs_ERM,0.633,0.6235,0.6203,0.6111,0.0095,0.629,61,208,0.0018,0.96,0.9133
A_val,B_tcga_vs_external,24,42,DANN_vs_ERM,0.7271,0.7299,0.6573,0.6581,-0.0028,0.7673,109,125,-0.0029,0.7333,0.8133
A_val,B_tcga_vs_external,24,43,DANN_vs_ERM,0.7172,0.7291,0.6481,0.6572,-0.0119,0.2624,109,125,-0.0029,0.7333,0.8133
A_val,B_tcga_vs_external,24,44,DANN_vs_ERM,0.7264,0.7199,0.6543,0.6513,0.0065,0.7222,109,125,-0.0029,0.7333,0.8133
A_val,B_tcga_vs_external,36,42,DANN_vs_ERM,0.7478,0.752,0.6566,0.6556,-0.0041,0.6833,130,84,-0.0045,0.72,0.9867
A_val,B_tcga_vs_external,36,43,DANN_vs_ERM,0.7383,0.7455,0.6476,0.6513,-0.0071,0.4062,130,84,-0.0045,0.72,0.9867
A_val,B_tcga_vs_external,36,44,DANN_vs_ERM,0.7467,0.7332,0.6537,0.6431,0.0135,0.4361,130,84,-0.0045,0.72,0.9867
A_val,B_tcga_vs_external,48,42,DANN_vs_ERM,0.7448,0.7499,0.6467,0.6455,-0.0051,0.6899,139,61,-0.0057,0.7467,0.96
A_val,B_tcga_vs_external,48,43,DANN_vs_ERM,0.7327,0.7404,0.6366,0.642,-0.0077,0.4168,139,61,-0.0057,0.7467,0.96
A_val,B_tcga_vs_external,48,44,DANN_vs_ERM,0.7506,0.7323,0.6452,0.6346,0.0183,0.3664,139,61,-0.0057,0.7467,0.96
A_val,B_tcga_vs_external,60,42,DANN_vs_ERM,0.7532,0.7717,0.6375,0.6395,-0.0185,0.2946,150,40,-0.0195,0.2467,0.7933
A_val,B_tcga_vs_external,60,43,DANN_vs_ERM,0.7765,0.7722,0.6348,0.6377,0.0043,0.5136,150,40,-0.0195,0.2467,0.7933
A_val,B_tcga_vs_external,60,44,DANN_vs_ERM,0.7427,0.7548,0.6386,0.6305,-0.0122,0.6051,150,40,-0.0195,0.2467,0.7933
A_val,C_all_cohorts,12,42,DANN_vs_ERM,0.6905,0.6915,0.6612,0.662,-0.001,0.1495,756,946,-0.0011,0.1267,0.0867
A_val,C_all_cohorts,12,43,DANN_vs_ERM,0.6881,0.6812,0.6598,0.6542,0.0069,0.1138,756,946,-0.0011,0.1267,0.0867
A_val,C_all_cohorts,12,44,DANN_vs_ERM,0.6825,0.6833,0.6529,0.6536,-0.0008,0.0772,756,946,-0.0011,0.1267,0.0867
A_val,C_all_cohorts,24,42,DANN_vs_ERM,0.6606,0.6621,0.6345,0.6354,-0.0016,0.0356,996,625,-0.0016,0.04,0.02
A_val,C_all_cohorts,24,43,DANN_vs_ERM,0.6685,0.6609,0.6373,0.6315,0.0076,0.104,996,625,-0.0016,0.04,0.02
A_val,C_all_cohorts,24,44,DANN_vs_ERM,0.6574,0.6581,0.63,0.6306,-0.0006,0.1697,996,625,-0.0016,0.04,0.02
A_val,C_all_cohorts,36,42,DANN_vs_ERM,0.6562,0.6581,0.6246,0.6257,-0.0019,0.0208,1098,475,-0.0019,0.0133,0.0133
A_val,C_all_cohorts,36,43,DANN_vs_ERM,0.665,0.6578,0.6283,0.6223,0.0072,0.1641,1098,475,-0.0019,0.0133,0.0133
A_val,C_all_cohorts,36,44,DANN_vs_ERM,0.6569,0.6579,0.6211,0.6217,-0.001,0.0433,1098,475,-0.0019,0.0133,0.0133
A_val,C_all_cohorts,48,42,DANN_vs_ERM,0.6401,0.6417,0.6135,0.6145,-0.0016,0.0686,1168,367,-0.0016,0.08,0.0
A_val,C_all_cohorts,48,43,DANN_vs_ERM,0.6496,0.647,0.6182,0.6124,0.0026,0.6514,1168,367,-0.0016,0.08,0.0
A_val,C_all_cohorts,48,44,DANN_vs_ERM,0.651,0.6514,0.6129,0.6134,-0.0005,0.3887,1168,367,-0.0016,0.08,0.0
A_val,C_all_cohorts,60,42,DANN_vs_ERM,0.6109,0.6122,0.604,0.605,-0.0013,0.1854,1217,288,-0.0013,0.1667,0.0067
A_val,C_all_cohorts,60,43,DANN_vs_ERM,0.6245,0.62,0.6099,0.6031,0.0045,0.4989,1217,288,-0.0013,0.1667,0.0067
A_val,C_all_cohorts,60,44,DANN_vs_ERM,0.6298,0.6298,0.6037,0.6041,0.0,0.969,1217,288,-0.0013,0.1667,0.0067
B_val,A_tcga_vs_seer,36,42,DANN_vs_ERM,0.6699,0.6741,,,-0.0042,0.0289,995,390,,,
B_val,A_tcga_vs_seer,36,43,DANN_vs_ERM,0.6776,0.6758,,,0.0019,0.114,995,390,,,
B_val,A_tcga_vs_seer,36,44,DANN_vs_ERM,0.6688,0.6684,,,0.0004,0.6823,995,390,,,
B_val,A_tcga_vs_seer,36,42,CORAL_vs_ERM,0.668,0.6741,,,-0.0061,0.3167,995,390,,,
B_val,A_tcga_vs_seer,36,43,CORAL_vs_ERM,0.6731,0.6758,,,-0.0027,0.2347,995,390,,,
B_val,A_tcga_vs_seer,36,44,CORAL_vs_ERM,0.6656,0.6684,,,-0.0028,0.2151,995,390,,,
B_val,A_tcga_vs_seer,36,42,IRM_vs_ERM,0.6674,0.6741,,,-0.0068,0.0877,995,390,,,
B_val,A_tcga_vs_seer,36,43,IRM_vs_ERM,0.6763,0.6758,,,0.0006,0.8679,995,390,,,
B_val,A_tcga_vs_seer,36,44,IRM_vs_ERM,0.6731,0.6684,,,0.0047,0.2147,995,390,,,
B_val,A_tcga_vs_seer,36,42,GroupDRO_vs_ERM,0.666,0.6741,,,-0.0081,0.1709,995,390,,,
B_val,A_tcga_vs_seer,36,43,GroupDRO_vs_ERM,0.6712,0.6758,,,-0.0045,0.3874,995,390,,,
B_val,A_tcga_vs_seer,36,44,GroupDRO_vs_ERM,0.6775,0.6684,,,0.009,0.062,995,390,,,
B_val,A_tcga_vs_seer,36,42,V-REx_vs_ERM,0.6722,0.6741,,,-0.0019,0.805,995,390,,,
B_val,A_tcga_vs_seer,36,43,V-REx_vs_ERM,0.6701,0.6758,,,-0.0056,0.4799,995,390,,,
B_val,A_tcga_vs_seer,36,44,V-REx_vs_ERM,0.6764,0.6684,,,0.008,0.3303,995,390,,,
B_val,A_tcga_vs_seer,36,42,Fish_vs_ERM,0.6431,0.6741,,,-0.031,0.0,995,390,,,
B_val,A_tcga_vs_seer,36,43,Fish_vs_ERM,0.6726,0.6758,,,-0.0032,0.5784,995,390,,,
B_val,A_tcga_vs_seer,36,44,Fish_vs_ERM,0.6664,0.6684,,,-0.0021,0.79,995,390,,,
B_val,A_tcga_vs_seer,36,42,Mixup_vs_ERM,0.6734,0.6741,,,-0.0007,0.9219,995,390,,,
B_val,A_tcga_vs_seer,36,43,Mixup_vs_ERM,0.6733,0.6758,,,-0.0025,0.6349,995,390,,,
B_val,A_tcga_vs_seer,36,44,Mixup_vs_ERM,0.6699,0.6684,,,0.0015,0.8181,995,390,,,
B_val,A_tcga_vs_seer,36,42,MLDG_vs_ERM,0.6706,0.6741,,,-0.0035,0.2617,995,390,,,
B_val,A_tcga_vs_seer,36,43,MLDG_vs_ERM,0.6692,0.6758,,,-0.0066,0.107,995,390,,,
B_val,A_tcga_vs_seer,36,44,MLDG_vs_ERM,0.6675,0.6684,,,-0.001,0.8339,995,390,,,
B_val,B_tcga_vs_external,36,42,DANN_vs_ERM,0.7478,0.752,,,-0.0041,0.6833,130,84,,,
B_val,B_tcga_vs_external,36,43,DANN_vs_ERM,0.7383,0.7455,,,-0.0071,0.4062,130,84,,,
B_val,B_tcga_vs_external,36,44,DANN_vs_ERM,0.7467,0.7332,,,0.0135,0.4361,130,84,,,
B_val,B_tcga_vs_external,36,42,CORAL_vs_ERM,0.7345,0.752,,,-0.0175,0.26,130,84,,,
B_val,B_tcga_vs_external,36,43,CORAL_vs_ERM,0.7368,0.7455,,,-0.0087,0.6354,130,84,,,
B_val,B_tcga_vs_external,36,44,CORAL_vs_ERM,0.7356,0.7332,,,0.0024,0.8813,130,84,,,
B_val,B_tcga_vs_external,36,42,IRM_vs_ERM,0.7288,0.752,,,-0.0232,0.1569,130,84,,,
B_val,B_tcga_vs_external,36,43,IRM_vs_ERM,0.7108,0.7455,,,-0.0347,0.0755,130,84,,,
B_val,B_tcga_vs_external,36,44,IRM_vs_ERM,0.7383,0.7332,,,0.0051,0.772,130,84,,,
B_val,B_tcga_vs_external,36,42,GroupDRO_vs_ERM,0.6936,0.752,,,-0.0583,0.0523,130,84,,,
B_val,B_tcga_vs_external,36,43,GroupDRO_vs_ERM,0.6978,0.7455,,,-0.0477,0.0738,130,84,,,
B_val,B_tcga_vs_external,36,44,GroupDRO_vs_ERM,0.6933,0.7332,,,-0.0399,0.2416,130,84,,,
B_val,B_tcga_vs_external,36,42,V-REx_vs_ERM,0.6637,0.752,,,-0.0883,0.0001,130,84,,,
B_val,B_tcga_vs_external,36,43,V-REx_vs_ERM,0.6656,0.7455,,,-0.0799,0.0043,130,84,,,
B_val,B_tcga_vs_external,36,44,V-REx_vs_ERM,0.606,0.7332,,,-0.1272,0.0005,130,84,,,
B_val,B_tcga_vs_external,36,42,Fish_vs_ERM,0.7442,0.752,,,-0.0078,0.7493,130,84,,,
B_val,B_tcga_vs_external,36,43,Fish_vs_ERM,0.6394,0.7455,,,-0.106,0.0016,130,84,,,
B_val,B_tcga_vs_external,36,44,Fish_vs_ERM,0.636,0.7332,,,-0.0972,0.012,130,84,,,
B_val,B_tcga_vs_external,36,42,Mixup_vs_ERM,0.7437,0.752,,,-0.0082,0.5332,130,84,,,
B_val,B_tcga_vs_external,36,43,Mixup_vs_ERM,0.7759,0.7455,,,0.0304,0.1046,130,84,,,
B_val,B_tcga_vs_external,36,44,Mixup_vs_ERM,0.7481,0.7332,,,0.0149,0.3318,130,84,,,
B_val,B_tcga_vs_external,36,42,MLDG_vs_ERM,0.7467,0.752,,,-0.0052,0.1783,130,84,,,
B_val,B_tcga_vs_external,36,43,MLDG_vs_ERM,0.734,0.7455,,,-0.0114,0.3234,130,84,,,
B_val,B_tcga_vs_external,36,44,MLDG_vs_ERM,0.7524,0.7332,,,0.0192,0.2994,130,84,,,
B_val,C_all_cohorts,36,42,DANN_vs_ERM,0.6562,0.6581,,,-0.0019,0.0208,1098,475,,,
B_val,C_all_cohorts,36,43,DANN_vs_ERM,0.665,0.6578,,,0.0072,0.1641,1098,475,,,
B_val,C_all_cohorts,36,44,DANN_vs_ERM,0.6569,0.6579,,,-0.001,0.0433,1098,475,,,
B_val,C_all_cohorts,36,42,CORAL_vs_ERM,0.6593,0.6581,,,0.0012,0.8708,1098,475,,,
B_val,C_all_cohorts,36,43,CORAL_vs_ERM,0.6567,0.6578,,,-0.0011,0.8579,1098,475,,,
B_val,C_all_cohorts,36,44,CORAL_vs_ERM,0.6652,0.6579,,,0.0073,0.4543,1098,475,,,
B_val,C_all_cohorts,36,42,IRM_vs_ERM,0.664,0.6581,,,0.0059,0.3644,1098,475,,,
B_val,C_all_cohorts,36,43,IRM_vs_ERM,0.6811,0.6578,,,0.0233,0.0046,1098,475,,,
B_val,C_all_cohorts,36,44,IRM_vs_ERM,0.6776,0.6579,,,0.0197,0.0226,1098,475,,,
B_val,C_all_cohorts,36,42,GroupDRO_vs_ERM,0.6567,0.6581,,,-0.0014,0.857,1098,475,,,
B_val,C_all_cohorts,36,43,GroupDRO_vs_ERM,0.6664,0.6578,,,0.0086,0.3397,1098,475,,,
B_val,C_all_cohorts,36,44,GroupDRO_vs_ERM,0.664,0.6579,,,0.0061,0.5832,1098,475,,,
B_val,C_all_cohorts,36,42,V-REx_vs_ERM,0.6454,0.6581,,,-0.0127,0.2492,1098,475,,,
B_val,C_all_cohorts,36,43,V-REx_vs_ERM,0.6406,0.6578,,,-0.0172,0.119,1098,475,,,
B_val,C_all_cohorts,36,44,V-REx_vs_ERM,0.6429,0.6579,,,-0.015,0.2056,1098,475,,,
B_val,C_all_cohorts,36,42,Fish_vs_ERM,0.6499,0.6581,,,-0.0082,0.459,1098,475,,,
B_val,C_all_cohorts,36,43,Fish_vs_ERM,0.6351,0.6578,,,-0.0227,0.0039,1098,475,,,
B_val,C_all_cohorts,36,44,Fish_vs_ERM,0.6718,0.6579,,,0.0138,0.0373,1098,475,,,
B_val,C_all_cohorts,36,42,Mixup_vs_ERM,0.6803,0.6581,,,0.0222,0.001,1098,475,,,
B_val,C_all_cohorts,36,43,Mixup_vs_ERM,0.6812,0.6578,,,0.0234,0.0026,1098,475,,,
B_val,C_all_cohorts,36,44,Mixup_vs_ERM,0.6799,0.6579,,,0.0219,0.0044,1098,475,,,
B_val,C_all_cohorts,36,42,MLDG_vs_ERM,0.6741,0.6581,,,0.016,0.0012,1098,475,,,
B_val,C_all_cohorts,36,43,MLDG_vs_ERM,0.6685,0.6578,,,0.0107,0.1683,1098,475,,,
B_val,C_all_cohorts,36,44,MLDG_vs_ERM,0.6461,0.6579,,,-0.0119,0.0894,1098,475,,,
C_test,A_tcga_vs_seer,12,42,DANN_vs_ERM,0.6724,0.673,,,-0.0005,0.2877,4576,5260,-0.0005,0.34,
C_test,A_tcga_vs_seer,12,43,DANN_vs_ERM,0.6718,0.6711,,,0.0007,0.0795,4576,5260,-0.0005,0.34,
C_test,A_tcga_vs_seer,12,44,DANN_vs_ERM,0.6645,0.6672,,,-0.0027,0.1589,4576,5260,-0.0005,0.34,
C_test,A_tcga_vs_seer,36,42,DANN_vs_ERM,0.6709,0.6709,,,0.0001,0.9115,6665,2556,0.0001,0.9067,
C_test,A_tcga_vs_seer,36,43,DANN_vs_ERM,0.6661,0.665,,,0.0011,0.0277,6665,2556,0.0001,0.9067,
C_test,A_tcga_vs_seer,36,44,DANN_vs_ERM,0.6591,0.6636,,,-0.0046,0.044,6665,2556,0.0001,0.9067,
C_test,A_tcga_vs_seer,60,42,DANN_vs_ERM,0.6516,0.6505,,,0.0011,0.1308,7352,1515,0.0011,0.1,
C_test,A_tcga_vs_seer,60,43,DANN_vs_ERM,0.6448,0.6434,,,0.0014,0.0174,7352,1515,0.0011,0.1,
C_test,A_tcga_vs_seer,60,44,DANN_vs_ERM,0.6274,0.6385,,,-0.0111,0.0002,7352,1515,0.0011,0.1,
C_test,B_tcga_vs_external,12,42,DANN_vs_ERM,0.6229,0.6069,,,0.016,0.2457,371,1439,0.0172,0.2267,
C_test,B_tcga_vs_external,12,43,DANN_vs_ERM,0.6405,0.6432,,,-0.0027,0.712,371,1439,0.0172,0.2267,
C_test,B_tcga_vs_external,12,44,DANN_vs_ERM,0.6136,0.6179,,,-0.0043,0.7077,371,1439,0.0172,0.2267,
C_test,B_tcga_vs_external,36,42,DANN_vs_ERM,0.6649,0.6544,,,0.0104,0.4209,816,578,0.0109,0.34,
C_test,B_tcga_vs_external,36,43,DANN_vs_ERM,0.6863,0.6856,,,0.0007,0.9159,816,578,0.0109,0.34,
C_test,B_tcga_vs_external,36,44,DANN_vs_ERM,0.6543,0.6734,,,-0.0191,0.0599,816,578,0.0109,0.34,
C_test,B_tcga_vs_external,60,42,DANN_vs_ERM,0.6845,0.6772,,,0.0073,0.6653,970,248,0.0069,0.6533,
C_test,B_tcga_vs_external,60,43,DANN_vs_ERM,0.6964,0.6922,,,0.0043,0.6132,970,248,0.0069,0.6533,
C_test,B_tcga_vs_external,60,44,DANN_vs_ERM,0.6624,0.6846,,,-0.0222,0.0777,970,248,0.0069,0.6533,
C_test,C_all_cohorts,12,42,DANN_vs_ERM,0.6803,0.6749,,,0.0054,0.0002,4889,6487,0.0055,0.0067,
C_test,C_all_cohorts,12,43,DANN_vs_ERM,0.6778,0.6766,,,0.0012,0.598,4889,6487,0.0055,0.0067,
C_test,C_all_cohorts,12,44,DANN_vs_ERM,0.6758,0.6637,,,0.0121,0.0,4889,6487,0.0055,0.0067,
C_test,C_all_cohorts,36,42,DANN_vs_ERM,0.6643,0.6596,,,0.0047,0.0048,7375,3061,0.0047,0.0,
C_test,C_all_cohorts,36,43,DANN_vs_ERM,0.6647,0.6584,,,0.0063,0.0183,7375,3061,0.0047,0.0,
C_test,C_all_cohorts,36,44,DANN_vs_ERM,0.6642,0.6631,,,0.0011,0.7524,7375,3061,0.0047,0.0,
C_test,C_all_cohorts,60,42,DANN_vs_ERM,0.6291,0.6221,,,0.007,0.0004,8200,1734,0.0069,0.0,
C_test,C_all_cohorts,60,43,DANN_vs_ERM,0.6313,0.6203,,,0.011,0.0015,8200,1734,0.0069,0.0,
C_test,C_all_cohorts,60,44,DANN_vs_ERM,0.6286,0.6408,,,-0.0122,0.0022,8200,1734,0.0069,0.0,
