experiment,mode,feature,mean_abs,ci_low,ci_high,ci_excludes_0
B_tcga_vs_external,baseline,Age,5.38004,4.61454,6.13743,
B_tcga_vs_external,baseline,Sex,11.32583,10.77979,11.94262,
B_tcga_vs_external,baseline,Stage,6.101,5.55357,6.71315,
B_tcga_vs_external,baseline,Grade,5.05303,4.41738,5.71761,
B_tcga_vs_external,dann,Age,4.97958,4.22567,5.75121,
B_tcga_vs_external,dann,Sex,11.40096,10.7624,12.06616,
B_tcga_vs_external,dann,Stage,7.46475,6.7081,8.36079,
B_tcga_vs_external,dann,Grade,3.04242,2.41782,3.76787,
B_tcga_vs_external,delta_dann_minus_baseline,Age,-0.40046,-1.30761,0.57992,False
B_tcga_vs_external,delta_dann_minus_baseline,Sex,0.07513,-0.81431,0.94662,False
B_tcga_vs_external,delta_dann_minus_baseline,Stage,1.36375,0.71259,2.13295,True
B_tcga_vs_external,delta_dann_minus_baseline,Grade,-2.01061,-2.58427,-1.26581,True
C_all_cohorts,baseline,Age,5.62468,5.42312,5.84368,
C_all_cohorts,baseline,Sex,3.39992,3.25293,3.54003,
C_all_cohorts,baseline,Stage,8.77595,8.24839,9.32308,
C_all_cohorts,baseline,Grade,2.6733,2.43245,2.94898,
C_all_cohorts,dann,Age,3.81958,3.67258,3.98244,
C_all_cohorts,dann,Sex,2.78187,2.66627,2.93996,
C_all_cohorts,dann,Stage,7.1094,6.74635,7.48861,
C_all_cohorts,dann,Grade,2.26897,2.06867,2.48578,
C_all_cohorts,delta_dann_minus_baseline,Age,-1.80509,-1.98589,-1.64358,True
C_all_cohorts,delta_dann_minus_baseline,Sex,-0.61805,-0.7876,-0.44591,True
C_all_cohorts,delta_dann_minus_baseline,Stage,-1.66656,-1.89624,-1.443,True
C_all_cohorts,delta_dann_minus_baseline,Grade,-0.40433,-0.55384,-0.25521,True
