experiment,alpha,alpha_label,cindex_mean,cindex_std,cindex_per_seed,n_seeds,domacc_min,domacc_peak,domacc_final,delta_vs_baseline
A,,baseline,0.632,0.0026,"[0.629, 0.6334, 0.6335]",3,0.000,0.000,0.000,
A,0.1,α=0.1,0.6325,0.0023,"[0.63, 0.6344, 0.6331]",3,0.213,0.977,0.975,0.0004999999999999449
A,0.5,α=0.5,0.6324,0.0019,"[0.6303, 0.6341, 0.6328]",3,0.213,0.976,0.974,0.00039999999999995595
A,1.0,α=1.0,0.6325,0.0025,"[0.6296, 0.6341, 0.6338]",3,0.213,0.975,0.971,0.0004999999999999449
B,,baseline,0.6352,0.0051,"[0.6409, 0.6309, 0.6338]",3,0.000,0.000,0.000,
B,0.1,α=0.1,0.6368,0.0049,"[0.6347, 0.6424, 0.6333]",3,0.214,0.931,0.877,0.0016000000000000458
B,0.5,α=0.5,0.6296,0.004,"[0.6324, 0.6313, 0.625]",3,0.136,0.853,0.572,-0.005599999999999938
B,1.0,α=1.0,0.6321,0.005,"[0.6374, 0.6274, 0.6314]",3,0.088,0.829,0.429,-0.0030999999999999917
C,,baseline,0.6394,0.0043,"[0.6438, 0.6352, 0.6391]",3,0.000,0.000,0.000,
C,0.1,α=0.1,0.6395,0.0035,"[0.643, 0.636, 0.6394]",3,0.133,0.898,0.883,9.999999999998899e-05
C,0.5,α=0.5,0.6428,0.0033,"[0.6428, 0.6461, 0.6396]",3,0.133,0.838,0.748,0.0034000000000000696
C,1.0,α=1.0,0.6443,0.0037,"[0.6455, 0.6473, 0.6401]",3,0.133,0.810,0.635,0.0049000000000000155
