experiment,metric,value
A,mi_domain_survival,0.0162
A,mi_domain_representation,0.1019
B,mi_domain_survival,0.1313
B,mi_domain_representation,0.8349
C,mi_domain_survival,0.0666
C,mi_domain_representation,0.4678
D,mi_domain_survival,0.0162
D,mi_domain_representation,0.1067
E,mi_domain_survival,0.3204
E,mi_domain_representation,0.0735
A,baseline_probe,0.9723
A,dann_probe,0.9715
B_tcga_vs_external,baseline_probe,0.9936
B_tcga_vs_external,dann_probe,0.9939
C_all_cohorts,baseline_probe,0.9627
C_all_cohorts,dann_probe,0.9643
D_imputed_tcga_seer,baseline_probe,0.9701
D_imputed_tcga_seer,dann_probe,0.9751
E,baseline_probe,0.7088
E,dann_probe,0.7058
