experiment,mode,cindex_mean,cindex_std,cindex_each,val_TCGA_LIHC,val_US_SEER,val_hcc_meric_2021,val_hcc_msk_2024,val_lihc_amc_prv
A_tcga_vs_seer,dann,0.6327,0.0022,"[0.6302, 0.6344, 0.6336]",0.5238,0.6328,,,
A_tcga_vs_seer,erm,0.632,0.0026,"[0.6290, 0.6334, 0.6335]",0.5397,0.6318,,,
A_tcga_vs_seer,erm_pooled,0.6363,0.0021,"[0.6340, 0.6368, 0.6381]",0.5195,0.6357,,,
A_tcga_vs_seer,ipw_erm,0.6252,0.0025,"[0.6241, 0.6281, 0.6234]",0.5556,0.6244,,,
B_tcga_vs_external,dann,0.6393,0.0052,"[0.6347, 0.6383, 0.6449]",0.5641,,0.4783,0.5891,0.5516
B_tcga_vs_external,erm,0.6352,0.0051,"[0.6409, 0.6309, 0.6338]",0.5757,,0.4348,0.5853,0.5351
B_tcga_vs_external,erm_pooled,0.6443,0.0028,"[0.6437, 0.6473, 0.6418]",0.5559,,0.4239,0.5885,0.5665
B_tcga_vs_external,ipw_erm,0.6416,0.0029,"[0.6388, 0.6445, 0.6416]",0.6062,,0.4456,0.587,0.5351
C_all_cohorts,dann,0.642,0.0026,"[0.6429, 0.6441, 0.6391]",0.5134,0.6236,0.4094,0.5188,0.5968
C_all_cohorts,erm,0.6394,0.0043,"[0.6438, 0.6352, 0.6391]",0.519,0.6198,0.4131,0.5189,0.6004
C_all_cohorts,erm_pooled,0.6539,0.0032,"[0.6545, 0.6568, 0.6505]",0.5629,0.6349,0.3478,0.5234,0.6111
C_all_cohorts,ipw_erm,0.6357,0.0043,"[0.6387, 0.6308, 0.6376]",0.5739,0.6181,0.4348,0.5254,0.586
A_tcga_vs_seer,propensity_bal_acc,0.9106,,"{'min': 1.053, 'median': 1.053, 'max': 20.0, 'p99': 1.053}",,,,,
B_tcga_vs_external,propensity_bal_acc,0.8646,,"{'min': 1.053, 'median': 1.053, 'max': 20.0, 'p99': 6.951}",,,,,
C_all_cohorts,propensity_bal_acc,0.6751,,"{'min': 1.053, 'median': 1.068, 'max': 20.0, 'p99': 20.0}",,,,,
