block,experiment,cohort,tau,rmst,se,n,method,pred_rmst,obs_km,n_val
observed,A_tcga_vs_seer,TCGA_LIHC,12,10.71,0.17,309.0,,,,
observed,A_tcga_vs_seer,US_SEER,12,8.63,0.04,10000.0,,,,
observed,A_tcga_vs_seer,TCGA_LIHC,24,19.38,0.45,309.0,,,,
observed,A_tcga_vs_seer,US_SEER,24,14.22,0.09,10000.0,,,,
observed,A_tcga_vs_seer,TCGA_LIHC,36,26.42,0.76,309.0,,,,
observed,A_tcga_vs_seer,US_SEER,36,18.43,0.15,10000.0,,,,
observed,A_tcga_vs_seer,TCGA_LIHC,48,32.66,1.11,309.0,,,,
observed,A_tcga_vs_seer,US_SEER,48,21.82,0.2,10000.0,,,,
observed,A_tcga_vs_seer,TCGA_LIHC,60,37.96,1.48,309.0,,,,
observed,A_tcga_vs_seer,US_SEER,60,24.66,0.25,10000.0,,,,
observed,B_tcga_vs_external,TCGA_LIHC,12,10.71,0.17,309.0,,,,
observed,B_tcga_vs_external,hcc_meric_2021,12,9.18,0.39,105.0,,,,
observed,B_tcga_vs_external,hcc_msk_2024,12,11.0,0.07,1357.0,,,,
observed,B_tcga_vs_external,lihc_amc_prv,12,11.91,0.04,231.0,,,,
observed,B_tcga_vs_external,TCGA_LIHC,24,19.38,0.45,309.0,,,,
observed,B_tcga_vs_external,hcc_meric_2021,24,15.35,0.89,105.0,,,,
observed,B_tcga_vs_external,hcc_msk_2024,24,19.06,0.21,1357.0,,,,
observed,B_tcga_vs_external,lihc_amc_prv,24,23.47,0.17,231.0,,,,
observed,B_tcga_vs_external,TCGA_LIHC,36,26.42,0.76,309.0,,,,
observed,B_tcga_vs_external,hcc_meric_2021,36,20.11,1.39,105.0,,,,
observed,B_tcga_vs_external,hcc_msk_2024,36,24.93,0.36,1357.0,,,,
observed,B_tcga_vs_external,lihc_amc_prv,36,34.52,0.35,231.0,,,,
observed,B_tcga_vs_external,TCGA_LIHC,48,32.66,1.11,309.0,,,,
observed,B_tcga_vs_external,hcc_meric_2021,48,23.94,1.87,105.0,,,,
observed,B_tcga_vs_external,hcc_msk_2024,48,29.45,0.51,1357.0,,,,
observed,B_tcga_vs_external,lihc_amc_prv,48,44.71,0.63,231.0,,,,
observed,B_tcga_vs_external,TCGA_LIHC,60,37.96,1.48,309.0,,,,
observed,B_tcga_vs_external,hcc_meric_2021,60,26.76,2.25,105.0,,,,
observed,B_tcga_vs_external,hcc_msk_2024,60,32.91,0.65,1357.0,,,,
observed,B_tcga_vs_external,lihc_amc_prv,60,54.31,0.99,231.0,,,,
observed,C_all_cohorts,TCGA_LIHC,12,10.71,0.17,309.0,,,,
observed,C_all_cohorts,US_SEER,12,8.63,0.04,10000.0,,,,
observed,C_all_cohorts,hcc_meric_2021,12,9.18,0.38,105.0,,,,
observed,C_all_cohorts,hcc_msk_2024,12,11.0,0.06,1357.0,,,,
observed,C_all_cohorts,lihc_amc_prv,12,11.91,0.04,231.0,,,,
observed,C_all_cohorts,TCGA_LIHC,24,19.38,0.45,309.0,,,,
observed,C_all_cohorts,US_SEER,24,14.22,0.09,10000.0,,,,
observed,C_all_cohorts,hcc_meric_2021,24,15.35,0.86,105.0,,,,
observed,C_all_cohorts,hcc_msk_2024,24,19.06,0.2,1357.0,,,,
observed,C_all_cohorts,lihc_amc_prv,24,23.47,0.17,231.0,,,,
observed,C_all_cohorts,TCGA_LIHC,36,26.42,0.76,309.0,,,,
observed,C_all_cohorts,US_SEER,36,18.43,0.15,10000.0,,,,
observed,C_all_cohorts,hcc_meric_2021,36,20.11,1.33,105.0,,,,
observed,C_all_cohorts,hcc_msk_2024,36,24.93,0.35,1357.0,,,,
observed,C_all_cohorts,lihc_amc_prv,36,34.52,0.35,231.0,,,,
observed,C_all_cohorts,TCGA_LIHC,48,32.66,1.11,309.0,,,,
observed,C_all_cohorts,US_SEER,48,21.82,0.2,10000.0,,,,
observed,C_all_cohorts,hcc_meric_2021,48,23.94,1.74,105.0,,,,
observed,C_all_cohorts,hcc_msk_2024,48,29.45,0.51,1357.0,,,,
observed,C_all_cohorts,lihc_amc_prv,48,44.71,0.59,231.0,,,,
observed,C_all_cohorts,TCGA_LIHC,60,37.96,1.48,309.0,,,,
observed,C_all_cohorts,US_SEER,60,24.66,0.25,10000.0,,,,
observed,C_all_cohorts,hcc_meric_2021,60,26.76,2.1,105.0,,,,
observed,C_all_cohorts,hcc_msk_2024,60,32.91,0.64,1357.0,,,,
observed,C_all_cohorts,lihc_amc_prv,60,54.31,0.9,231.0,,,,
model_A_val,A_tcga_vs_seer,TCGA_LIHC,36,,,,ERM,27.96,23.77,46.0
model_A_val,A_tcga_vs_seer,TCGA_LIHC,60,,,,ERM,41.78,,46.0
model_A_val,A_tcga_vs_seer,US_SEER,36,,,,ERM,18.83,18.17,1500.0
model_A_val,A_tcga_vs_seer,US_SEER,60,,,,ERM,24.43,,1500.0
model_A_val,A_tcga_vs_seer,TCGA_LIHC,36,,,,DANN,27.83,23.77,46.0
model_A_val,A_tcga_vs_seer,TCGA_LIHC,60,,,,DANN,41.46,,46.0
model_A_val,A_tcga_vs_seer,US_SEER,36,,,,DANN,18.81,18.17,1500.0
model_A_val,A_tcga_vs_seer,US_SEER,60,,,,DANN,24.41,,1500.0
model_A_val,A_tcga_vs_seer,TCGA_LIHC,36,,,,CORAL,26.29,23.77,46.0
model_A_val,A_tcga_vs_seer,TCGA_LIHC,60,,,,CORAL,39.4,,46.0
model_A_val,A_tcga_vs_seer,US_SEER,36,,,,CORAL,17.93,18.17,1500.0
model_A_val,A_tcga_vs_seer,US_SEER,60,,,,CORAL,23.0,,1500.0
model_A_val,A_tcga_vs_seer,TCGA_LIHC,36,,,,IRM,25.47,23.77,46.0
model_A_val,A_tcga_vs_seer,TCGA_LIHC,60,,,,IRM,36.43,,46.0
model_A_val,A_tcga_vs_seer,US_SEER,36,,,,IRM,17.68,18.17,1500.0
model_A_val,A_tcga_vs_seer,US_SEER,60,,,,IRM,22.54,,1500.0
