experiment,method,cindex_mean,cindex_std,ibs,delta_vs_erm,ci_low,ci_high,p_two_sided,elapsed_sec,q_two_sided,fdr_significant_05
A,ERM,0.6337,0.0021,0.2025,,,,,24.6,,False
A,DANN,0.634,0.0026,0.203,0.0003,-0.0022,0.0022,0.66,30.7,0.857,False
A,CORAL,0.6326,0.0031,0.2049,-0.001,-0.0072,0.003,0.692,50.8,0.857,False
A,IRM,0.6347,0.0027,0.2015,0.0009,-0.0035,0.0059,0.724,45.5,0.857,False
A,GroupDRO,0.6366,0.0021,0.1995,0.0028,-0.0053,0.0107,0.5273,34.9,0.857,False
A,V-REx,0.6256,0.0018,0.2021,-0.0081,-0.0191,0.0028,0.1427,35.7,0.6243,False
A,Fish,0.6298,0.0062,0.2101,-0.0038,-0.0162,0.0056,0.586,135.7,0.857,False
A,Mixup,0.6347,0.002,0.2025,0.001,-0.0057,0.008,0.746,42.0,0.857,False
A,MLDG,0.6324,0.0015,0.205,-0.0013,-0.0063,0.0033,0.6107,58.4,0.857,False
B,ERM,0.6422,0.0042,0.1922,,,,,14.0,,False
B,DANN,0.6396,0.0029,0.1929,-0.0024,-0.0217,0.0208,0.7753,22.5,0.857,False
B,CORAL,0.6356,0.004,0.1956,-0.0069,-0.0414,0.0243,0.6987,8.7,0.857,False
B,IRM,0.6205,0.011,0.197,-0.0218,-0.0655,0.0158,0.3,16.2,0.857,False
B,GroupDRO,0.595,0.0059,0.2131,-0.0477,-0.0932,-0.0012,0.0447,14.2,0.28,False
B,V-REx,0.5753,0.009,0.2143,-0.0673,-0.1101,-0.0255,0.0013,14.4,0.0228,True
B,Fish,0.5822,0.0235,0.2245,-0.0606,-0.1221,-0.001,0.048,30.0,0.28,False
B,Mixup,0.6489,0.0037,0.1889,0.0064,-0.0239,0.0372,0.67,15.2,0.857,False
B,MLDG,0.6373,0.0056,0.1926,-0.005,-0.0341,0.0221,0.7847,22.4,0.857,False
C,ERM,0.6365,0.0022,0.2043,,,,,26.5,,False
C,DANN,0.6376,0.0026,0.2041,0.0011,-0.0017,0.0091,0.6487,27.8,0.857,False
C,CORAL,0.6388,0.0016,0.2054,0.0021,-0.0091,0.013,0.7173,40.8,0.857,False
C,IRM,0.6499,0.0032,0.2027,0.0132,0.0004,0.0258,0.0427,69.8,0.28,False
C,GroupDRO,0.6426,0.003,0.2088,0.0059,-0.0072,0.0192,0.454,34.2,0.857,False
C,V-REx,0.624,0.0006,0.2073,-0.0126,-0.0242,-0.0005,0.0433,39.5,0.28,False
C,Fish,0.6219,0.0111,0.2196,-0.0146,-0.0325,0.0081,0.496,229.1,0.857,False
C,Mixup,0.6558,0.0021,0.2028,0.019,0.0096,0.0285,0.0,36.5,0.0117,True
C,MLDG,0.6415,0.0069,0.2031,0.005,-0.0077,0.0148,0.5073,54.5,0.857,False
