source,file,cancer_type,n_patients,event_rate,used_in_experiments
TCGA-BRCA,harmonized_BRCA.csv,other,1098,0.1386,E
TCGA-COAD,harmonized_COAD.csv,other,461,0.2222,L
TCGA-KIRC,harmonized_KIRC.csv,other,537,0.3296,
TCGA-LIHC,harmonized_LIHC.csv,LIHC,377,0.3501,"A,B,C,D"
TCGA-LUAD,harmonized_LUAD.csv,other,585,0.3602,M
TCGA-PRAD,harmonized_PRAD.csv,other,500,0.02,
TCGA-SKCM,harmonized_SKCM.csv,other,470,0.4745,
TCGA-STAD,harmonized_STAD.csv,other,443,0.395,
TCGA-THCA,harmonized_THCA.csv,other,507,0.0316,
TCGA-UCEC,harmonized_UCEC.csv,other,560,0.1661,
all_phase2_target_2018_pub,harmonized_all_phase2_target_2018_pub.csv,other,1551,0.1648,
aml_target_2018_pub,harmonized_aml_target_2018_pub.csv,other,899,0.3589,
chol_icgc_2017,harmonized_chol_icgc_2017.csv,other,489,0.6357,
coadread_china,harmonized_coadread_china.csv,COAD,146,0.2014,
coadread_dfci_2016,harmonized_coadread_dfci_2016.csv,COAD,619,,
cptac_brca,harmonized_cptac_brca.csv,BRCA,122,,
cptac_coad,harmonized_cptac_coad.csv,COAD,110,0.0784,L
cptac_kirc,harmonized_cptac_kirc.csv,other,261,0.1475,
cptac_luad,harmonized_cptac_luad.csv,LUAD,230,0.2692,
cptac_ucec,harmonized_cptac_ucec.csv,other,241,0.1535,
crc_msk_2017,harmonized_crc_msk_2017.csv,other,1099,0.3176,
crc_sysucc_2022,harmonized_crc_sysucc_2022.csv,other,1015,0.2197,
egc_msk_2023,harmonized_egc_msk_2023.csv,other,902,0.5886,
hcc_clca_2024,harmonized_hcc_clca_2024.csv,LIHC,494,0.201,
hcc_inserm_fr_2015,harmonized_hcc_inserm_fr_2015.csv,LIHC,243,,
hcc_meric_2021,harmonized_hcc_meric_2021.csv,LIHC,114,0.7807,"B,C"
hcc_msk_2024,harmonized_hcc_msk_2024.csv,LIHC,1370,0.5903,"B,C"
hcc_mskimpact_2018,harmonized_hcc_mskimpact_2018.csv,LIHC,127,,
lihc_amc_prv,harmonized_lihc_amc_prv.csv,LIHC,231,0.1602,"B,C"
luad_mskcc_2020,harmonized_luad_mskcc_2020.csv,LUAD,604,0.0745,M
metabric,harmonized_metabric.csv,other,2509,0.456,E
nbl_target_2018_pub,harmonized_nbl_target_2018_pub.csv,other,1076,0.3703,
nsclc_tracerx_2017,harmonized_nsclc_tracerx_2017.csv,other,100,,
pan_origimed_2020,harmonized_pan_origimed_2020.csv,other,10194,,
seer,harmonized_seer.csv,LIHC,127649,0.8059,"A,B,C,D"
wt_target_2018_pub,harmonized_wt_target_2018_pub.csv,other,652,0.1748,
